customer_id,customer_name,email,phone,segment
1,Customer 1,customer1@example.com,+1-555-723-9152,Home Office
2,Customer 2,customer2@example.com,+1-555-669-1778,Corporate
3,Customer 3,customer3@example.com,+1-555-717-7824,Corporate
4,Customer 4,customer4@example.com,+1-555-732-6240,Corporate
5,Customer 5,customer5@example.com,+1-555-811-6042,Corporate
6,Customer 6,customer6@example.com,+1-555-975-7606,Corporate
7,Customer 7,customer7@example.com,+1-555-964-2781,Home Office
8,Customer 8,customer8@example.com,+1-555-307-2311,Home Office
9,Customer 9,customer9@example.com,+1-555-439-9968,Corporate
10,Customer 10,customer10@example.com,+1-555-381-7485,Home Office
11,Customer 11,customer11@example.com,+1-555-665-4975,Corporate
12,Customer 12,customer12@example.com,+1-555-663-9538,Home Office
13,Customer 13,customer13@example.com,+1-555-316-1027,Corporate
14,Customer 14,customer14@example.com,+1-555-454-3340,Corporate
15,Customer 15,customer15@example.com,+1-555-147-4848,Consumer
16,Customer 16,customer16@example.com,+1-555-224-6214,Consumer
17,Customer 17,customer17@example.com,+1-555-165-7283,Corporate
18,Customer 18,customer18@example.com,+1-555-850-9684,Consumer
19,Customer 19,customer19@example.com,+1-555-965-3312,Consumer
20,Customer 20,customer20@example.com,+1-555-577-1213,Consumer
21,Customer 21,customer21@example.com,+1-555-592-2951,Consumer
22,Customer 22,customer22@example.com,+1-555-325-2151,Corporate
23,Customer 23,customer23@example.com,+1-555-100-6847,Corporate
24,Customer 24,customer24@example.com,+1-555-379-2461,Consumer
25,Customer 25,customer25@example.com,+1-555-640-6708,Corporate
26,Customer 26,customer26@example.com,+1-555-657-6826,Corporate
27,Customer 27,customer27@example.com,+1-555-583-2321,Corporate
28,Customer 28,customer28@example.com,+1-555-274-6312,Home Office
29,Customer 29,customer29@example.com,+1-555-782-3897,Corporate
30,Customer 30,customer30@example.com,+1-555-778-7323,Home Office
31,Customer 31,customer31@example.com,+1-555-256-7295,Corporate
32,Customer 32,customer32@example.com,+1-555-448-1390,Corporate
33,Customer 33,customer33@example.com,+1-555-932-5264,Consumer
34,Customer 34,customer34@example.com,+1-555-104-5731,Consumer
35,Customer 35,customer35@example.com,+1-555-158-6866,Corporate
36,Customer 36,customer36@example.com,+1-555-774-8730,Home Office
37,Customer 37,customer37@example.com,+1-555-418-8916,Consumer
38,Customer 38,customer38@example.com,+1-555-203-4393,Consumer
39,Customer 39,customer39@example.com,+1-555-460-8426,Consumer
40,Customer 40,customer40@example.com,+1-555-384-9345,Consumer
41,Customer 41,customer41@example.com,+1-555-427-4805,Consumer
42,Customer 42,customer42@example.com,+1-555-340-4490,Consumer
43,Customer 43,customer43@example.com,+1-555-550-6315,Corporate
44,Customer 44,customer44@example.com,+1-555-725-4586,Consumer
45,Customer 45,customer45@example.com,+1-555-257-3473,Consumer
46,Customer 46,customer46@example.com,+1-555-119-1719,Home Office
47,Customer 47,customer47@example.com,+1-555-129-7387,Home Office
48,Customer 48,customer48@example.com,+1-555-233-5816,Consumer
49,Customer 49,customer49@example.com,+1-555-839-5325,Home Office
50,Customer 50,customer50@example.com,+1-555-546-4294,Corporate
51,Customer 51,customer51@example.com,+1-555-113-2017,Home Office
52,Customer 52,customer52@example.com,+1-555-358-1875,Consumer
53,Customer 53,customer53@example.com,+1-555-877-3727,Consumer
54,Customer 54,customer54@example.com,+1-555-749-5926,Corporate
55,Customer 55,customer55@example.com,+1-555-809-4726,Home Office
56,Customer 56,customer56@example.com,+1-555-461-3753,Corporate
57,Customer 57,customer57@example.com,+1-555-236-1680,Corporate
58,Customer 58,customer58@example.com,+1-555-858-1815,Corporate
59,Customer 59,customer59@example.com,+1-555-413-5630,Home Office
60,Customer 60,customer60@example.com,+1-555-846-4410,Home Office
61,Customer 61,customer61@example.com,+1-555-362-7969,Home Office
62,Customer 62,customer62@example.com,+1-555-737-9696,Home Office
63,Customer 63,customer63@example.com,+1-555-143-3506,Corporate
64,Customer 64,customer64@example.com,+1-555-575-1306,Home Office
65,Customer 65,customer65@example.com,+1-555-461-8938,Corporate
66,Customer 66,customer66@example.com,+1-555-538-7050,Home Office
67,Customer 67,customer67@example.com,+1-555-478-5740,Consumer
68,Customer 68,customer68@example.com,+1-555-332-4860,Corporate
69,Customer 69,customer69@example.com,+1-555-871-5493,Consumer
70,Customer 70,customer70@example.com,+1-555-811-7545,Corporate
71,Customer 71,customer71@example.com,+1-555-121-2158,Home Office
72,Customer 72,customer72@example.com,+1-555-228-4304,Consumer
73,Customer 73,customer73@example.com,+1-555-830-8223,Consumer
74,Customer 74,customer74@example.com,+1-555-226-3039,Home Office
75,Customer 75,customer75@example.com,+1-555-808-4198,Home Office
76,Customer 76,customer76@example.com,+1-555-526-7720,Consumer
77,Customer 77,customer77@example.com,+1-555-562-4808,Consumer
78,Customer 78,customer78@example.com,+1-555-814-2187,Consumer
79,Customer 79,customer79@example.com,+1-555-248-2933,Home Office
80,Customer 80,customer80@example.com,+1-555-202-8241,Corporate
81,Customer 81,customer81@example.com,+1-555-994-9373,Corporate
82,Customer 82,customer82@example.com,+1-555-129-3449,Consumer
83,Customer 83,customer83@example.com,+1-555-320-4326,Corporate
84,Customer 84,customer84@example.com,+1-555-697-3225,Consumer
85,Customer 85,customer85@example.com,+1-555-242-6811,Home Office
86,Customer 86,customer86@example.com,+1-555-277-5353,Corporate
87,Customer 87,customer87@example.com,+1-555-471-9361,Home Office
88,Customer 88,customer88@example.com,+1-555-461-9865,Home Office
89,Customer 89,customer89@example.com,+1-555-307-3151,Corporate
90,Customer 90,customer90@example.com,+1-555-684-6338,Corporate
91,Customer 91,customer91@example.com,+1-555-595-3867,Corporate
92,Customer 92,customer92@example.com,+1-555-196-4030,Corporate
93,Customer 93,customer93@example.com,+1-555-368-1462,Consumer
94,Customer 94,customer94@example.com,+1-555-208-1961,Consumer
95,Customer 95,customer95@example.com,+1-555-389-7667,Consumer
96,Customer 96,customer96@example.com,+1-555-661-7074,Consumer
97,Customer 97,customer97@example.com,+1-555-940-2717,Home Office
98,Customer 98,customer98@example.com,+1-555-949-4587,Corporate
99,Customer 99,customer99@example.com,+1-555-733-9714,Corporate
100,Customer 100,customer100@example.com,+1-555-144-7445,Corporate
101,Customer 101,customer101@example.com,+1-555-289-3283,Corporate
102,Customer 102,customer102@example.com,+1-555-637-5302,Consumer
103,Customer 103,customer103@example.com,+1-555-593-9553,Consumer
104,Customer 104,customer104@example.com,+1-555-265-9211,Home Office
105,Customer 105,customer105@example.com,+1-555-528-5512,Consumer
106,Customer 106,customer106@example.com,+1-555-436-2255,Consumer
107,Customer 107,customer107@example.com,+1-555-919-8834,Corporate
108,Customer 108,customer108@example.com,+1-555-826-8793,Home Office
109,Customer 109,customer109@example.com,+1-555-487-1129,Consumer
110,Customer 110,customer110@example.com,+1-555-451-9882,Corporate
111,Customer 111,customer111@example.com,+1-555-294-4780,Home Office
112,Customer 112,customer112@example.com,+1-555-593-5944,Consumer
113,Customer 113,customer113@example.com,+1-555-724-7338,Home Office
114,Customer 114,customer114@example.com,+1-555-694-1190,Corporate
115,Customer 115,customer115@example.com,+1-555-150-6002,Corporate
116,Customer 116,customer116@example.com,+1-555-428-9106,Consumer
117,Customer 117,customer117@example.com,+1-555-436-8924,Corporate
118,Customer 118,customer118@example.com,+1-555-938-1703,Corporate
119,Customer 119,customer119@example.com,+1-555-972-3036,Corporate
120,Customer 120,customer120@example.com,+1-555-430-2203,Corporate
121,Customer 121,customer121@example.com,+1-555-139-4427,Home Office
122,Customer 122,customer122@example.com,+1-555-726-3169,Corporate
123,Customer 123,customer123@example.com,+1-555-491-6365,Consumer
124,Customer 124,customer124@example.com,+1-555-769-1327,Consumer
125,Customer 125,customer125@example.com,+1-555-240-8127,Corporate
126,Customer 126,customer126@example.com,+1-555-260-6858,Consumer
127,Customer 127,customer127@example.com,+1-555-669-8887,Corporate
128,Customer 128,customer128@example.com,+1-555-576-4324,Corporate
129,Customer 129,customer129@example.com,+1-555-574-1260,Corporate
130,Customer 130,customer130@example.com,+1-555-573-6535,Corporate
131,Customer 131,customer131@example.com,+1-555-159-9848,Corporate
132,Customer 132,customer132@example.com,+1-555-800-7476,Home Office
133,Customer 133,customer133@example.com,+1-555-727-5653,Home Office
134,Customer 134,customer134@example.com,+1-555-976-4242,Corporate
135,Customer 135,customer135@example.com,+1-555-238-8797,Corporate
136,Customer 136,customer136@example.com,+1-555-493-7056,Corporate
137,Customer 137,customer137@example.com,+1-555-634-4847,Home Office
138,Customer 138,customer138@example.com,+1-555-793-2143,Home Office
139,Customer 139,customer139@example.com,+1-555-589-4027,Corporate
140,Customer 140,customer140@example.com,+1-555-861-5455,Consumer
141,Customer 141,customer141@example.com,+1-555-697-3512,Corporate
142,Customer 142,customer142@example.com,+1-555-674-4239,Consumer
143,Customer 143,customer143@example.com,+1-555-760-3575,Home Office
144,Customer 144,customer144@example.com,+1-555-726-4346,Consumer
145,Customer 145,customer145@example.com,+1-555-882-5251,Home Office
146,Customer 146,customer146@example.com,+1-555-919-9142,Corporate
147,Customer 147,customer147@example.com,+1-555-234-5711,Consumer
148,Customer 148,customer148@example.com,+1-555-517-6206,Consumer
149,Customer 149,customer149@example.com,+1-555-733-5565,Corporate
150,Customer 150,customer150@example.com,+1-555-318-6814,Home Office
151,Customer 151,customer151@example.com,+1-555-949-6699,Home Office
152,Customer 152,customer152@example.com,+1-555-150-4255,Corporate
153,Customer 153,customer153@example.com,+1-555-931-1623,Consumer
154,Customer 154,customer154@example.com,+1-555-240-8941,Home Office
155,Customer 155,customer155@example.com,+1-555-748-2713,Corporate
156,Customer 156,customer156@example.com,+1-555-904-6384,Corporate
157,Customer 157,customer157@example.com,+1-555-261-6223,Consumer
158,Customer 158,customer158@example.com,+1-555-255-5692,Consumer
159,Customer 159,customer159@example.com,+1-555-365-4674,Consumer
160,Customer 160,customer160@example.com,+1-555-284-2044,Home Office
161,Customer 161,customer161@example.com,+1-555-847-4566,Corporate
162,Customer 162,customer162@example.com,+1-555-471-9600,Corporate
163,Customer 163,customer163@example.com,+1-555-462-7698,Corporate
164,Customer 164,customer164@example.com,+1-555-711-4617,Corporate
165,Customer 165,customer165@example.com,+1-555-978-1235,Corporate
166,Customer 166,customer166@example.com,+1-555-399-6371,Corporate
167,Customer 167,customer167@example.com,+1-555-395-8151,Home Office
168,Customer 168,customer168@example.com,+1-555-419-2485,Corporate
169,Customer 169,customer169@example.com,+1-555-565-6990,Corporate
170,Customer 170,customer170@example.com,+1-555-804-6725,Consumer
171,Customer 171,customer171@example.com,+1-555-574-7798,Consumer
172,Customer 172,customer172@example.com,+1-555-334-4122,Corporate
173,Customer 173,customer173@example.com,+1-555-935-1614,Corporate
174,Customer 174,customer174@example.com,+1-555-166-3290,Consumer
175,Customer 175,customer175@example.com,+1-555-367-9726,Corporate
176,Customer 176,customer176@example.com,+1-555-820-8226,Corporate
177,Customer 177,customer177@example.com,+1-555-439-3664,Home Office
178,Customer 178,customer178@example.com,+1-555-825-6428,Corporate
179,Customer 179,customer179@example.com,+1-555-638-6188,Home Office
180,Customer 180,customer180@example.com,+1-555-677-3934,Home Office
181,Customer 181,customer181@example.com,+1-555-311-1577,Home Office
182,Customer 182,customer182@example.com,+1-555-647-9730,Corporate
183,Customer 183,customer183@example.com,+1-555-315-9298,Corporate
184,Customer 184,customer184@example.com,+1-555-502-3232,Consumer
185,Customer 185,customer185@example.com,+1-555-393-8935,Corporate
186,Customer 186,customer186@example.com,+1-555-764-8534,Home Office
187,Customer 187,customer187@example.com,+1-555-268-9821,Home Office
188,Customer 188,customer188@example.com,+1-555-495-9582,Home Office
189,Customer 189,customer189@example.com,+1-555-382-8730,Consumer
190,Customer 190,customer190@example.com,+1-555-661-6730,Corporate
191,Customer 191,customer191@example.com,+1-555-783-8788,Consumer
192,Customer 192,customer192@example.com,+1-555-134-1514,Consumer
193,Customer 193,customer193@example.com,+1-555-284-9684,Home Office
194,Customer 194,customer194@example.com,+1-555-428-3316,Consumer
195,Customer 195,customer195@example.com,+1-555-484-5378,Corporate
196,Customer 196,customer196@example.com,+1-555-448-7230,Home Office
197,Customer 197,customer197@example.com,+1-555-905-6002,Consumer
198,Customer 198,customer198@example.com,+1-555-621-2482,Consumer
199,Customer 199,customer199@example.com,+1-555-516-5872,Consumer
200,Customer 200,customer200@example.com,+1-555-388-1016,Corporate
201,Customer 201,customer201@example.com,+1-555-440-4925,Home Office
202,Customer 202,customer202@example.com,+1-555-331-6576,Home Office
203,Customer 203,customer203@example.com,+1-555-876-5445,Home Office
204,Customer 204,customer204@example.com,+1-555-543-5099,Corporate
205,Customer 205,customer205@example.com,+1-555-622-3136,Consumer
206,Customer 206,customer206@example.com,+1-555-879-4424,Corporate
207,Customer 207,customer207@example.com,+1-555-827-8074,Corporate
208,Customer 208,customer208@example.com,+1-555-135-9892,Home Office
209,Customer 209,customer209@example.com,+1-555-581-4012,Corporate
210,Customer 210,customer210@example.com,+1-555-463-9226,Corporate
211,Customer 211,customer211@example.com,+1-555-146-2911,Corporate
212,Customer 212,customer212@example.com,+1-555-240-1010,Corporate
213,Customer 213,customer213@example.com,+1-555-666-3977,Consumer
214,Customer 214,customer214@example.com,+1-555-969-7092,Corporate
215,Customer 215,customer215@example.com,+1-555-235-5385,Home Office
216,Customer 216,customer216@example.com,+1-555-186-2458,Home Office
217,Customer 217,customer217@example.com,+1-555-186-2620,Home Office
218,Customer 218,customer218@example.com,+1-555-538-9725,Consumer
219,Customer 219,customer219@example.com,+1-555-722-5144,Consumer
220,Customer 220,customer220@example.com,+1-555-447-3446,Corporate
221,Customer 221,customer221@example.com,+1-555-900-3577,Consumer
222,Customer 222,customer222@example.com,+1-555-636-6660,Corporate
223,Customer 223,customer223@example.com,+1-555-439-2729,Consumer
224,Customer 224,customer224@example.com,+1-555-665-7655,Corporate
225,Customer 225,customer225@example.com,+1-555-175-8890,Home Office
226,Customer 226,customer226@example.com,+1-555-364-2529,Corporate
227,Customer 227,customer227@example.com,+1-555-374-6681,Consumer
228,Customer 228,customer228@example.com,+1-555-780-1554,Corporate
229,Customer 229,customer229@example.com,+1-555-694-5505,Corporate
230,Customer 230,customer230@example.com,+1-555-456-6751,Corporate
231,Customer 231,customer231@example.com,+1-555-899-5993,Consumer
232,Customer 232,customer232@example.com,+1-555-809-1565,Corporate
233,Customer 233,customer233@example.com,+1-555-312-8982,Corporate
234,Customer 234,customer234@example.com,+1-555-179-5251,Consumer
235,Customer 235,customer235@example.com,+1-555-472-9054,Home Office
236,Customer 236,customer236@example.com,+1-555-868-3900,Corporate
237,Customer 237,customer237@example.com,+1-555-379-5499,Consumer
238,Customer 238,customer238@example.com,+1-555-105-5618,Consumer
239,Customer 239,customer239@example.com,+1-555-705-6054,Corporate
240,Customer 240,customer240@example.com,+1-555-757-3271,Corporate
241,Customer 241,customer241@example.com,+1-555-500-5005,Corporate
242,Customer 242,customer242@example.com,+1-555-482-7998,Consumer
243,Customer 243,customer243@example.com,+1-555-354-4513,Corporate
244,Customer 244,customer244@example.com,+1-555-300-2147,Consumer
245,Customer 245,customer245@example.com,+1-555-633-3237,Home Office
246,Customer 246,customer246@example.com,+1-555-594-5675,Home Office
247,Customer 247,customer247@example.com,+1-555-700-2476,Consumer
248,Customer 248,customer248@example.com,+1-555-809-6068,Corporate
249,Customer 249,customer249@example.com,+1-555-173-9440,Home Office
250,Customer 250,customer250@example.com,+1-555-152-3940,Home Office
251,Customer 251,customer251@example.com,+1-555-494-6390,Consumer
252,Customer 252,customer252@example.com,+1-555-175-3680,Consumer
253,Customer 253,customer253@example.com,+1-555-752-5232,Corporate
254,Customer 254,customer254@example.com,+1-555-991-1627,Home Office
255,Customer 255,customer255@example.com,+1-555-174-2654,Home Office
256,Customer 256,customer256@example.com,+1-555-603-4897,Corporate
257,Customer 257,customer257@example.com,+1-555-971-2936,Corporate
258,Customer 258,customer258@example.com,+1-555-187-4267,Corporate
259,Customer 259,customer259@example.com,+1-555-261-8412,Home Office
260,Customer 260,customer260@example.com,+1-555-382-1402,Home Office
261,Customer 261,customer261@example.com,+1-555-962-4075,Consumer
262,Customer 262,customer262@example.com,+1-555-203-6218,Home Office
263,Customer 263,customer263@example.com,+1-555-348-1090,Consumer
264,Customer 264,customer264@example.com,+1-555-852-6955,Corporate
265,Customer 265,customer265@example.com,+1-555-327-8942,Corporate
266,Customer 266,customer266@example.com,+1-555-795-8348,Consumer
267,Customer 267,customer267@example.com,+1-555-217-6901,Home Office
268,Customer 268,customer268@example.com,+1-555-322-3498,Consumer
269,Customer 269,customer269@example.com,+1-555-381-7845,Corporate
270,Customer 270,customer270@example.com,+1-555-788-1221,Home Office
271,Customer 271,customer271@example.com,+1-555-967-9817,Home Office
272,Customer 272,customer272@example.com,+1-555-708-6106,Consumer
273,Customer 273,customer273@example.com,+1-555-222-6416,Consumer
274,Customer 274,customer274@example.com,+1-555-273-7328,Consumer
275,Customer 275,customer275@example.com,+1-555-388-3254,Corporate
276,Customer 276,customer276@example.com,+1-555-905-6818,Corporate
277,Customer 277,customer277@example.com,+1-555-806-9217,Corporate
278,Customer 278,customer278@example.com,+1-555-524-5436,Consumer
279,Customer 279,customer279@example.com,+1-555-351-3506,Corporate
280,Customer 280,customer280@example.com,+1-555-394-3195,Consumer
281,Customer 281,customer281@example.com,+1-555-472-2510,Home Office
282,Customer 282,customer282@example.com,+1-555-105-1800,Consumer
283,Customer 283,customer283@example.com,+1-555-377-8957,Home Office
284,Customer 284,customer284@example.com,+1-555-849-7144,Corporate
285,Customer 285,customer285@example.com,+1-555-163-5520,Home Office
286,Customer 286,customer286@example.com,+1-555-250-2566,Corporate
287,Customer 287,customer287@example.com,+1-555-564-9427,Home Office
288,Customer 288,customer288@example.com,+1-555-982-2454,Corporate
289,Customer 289,customer289@example.com,+1-555-233-5352,Corporate
290,Customer 290,customer290@example.com,+1-555-478-9200,Consumer
291,Customer 291,customer291@example.com,+1-555-196-6961,Home Office
292,Customer 292,customer292@example.com,+1-555-690-8483,Corporate
293,Customer 293,customer293@example.com,+1-555-260-6873,Corporate
294,Customer 294,customer294@example.com,+1-555-700-4148,Corporate
295,Customer 295,customer295@example.com,+1-555-982-2482,Consumer
296,Customer 296,customer296@example.com,+1-555-267-5416,Corporate
297,Customer 297,customer297@example.com,+1-555-482-8850,Corporate
298,Customer 298,customer298@example.com,+1-555-215-4101,Consumer
299,Customer 299,customer299@example.com,+1-555-270-8327,Corporate
300,Customer 300,customer300@example.com,+1-555-940-5008,Home Office
301,Customer 301,customer301@example.com,+1-555-606-4597,Consumer
302,Customer 302,customer302@example.com,+1-555-593-9833,Corporate
303,Customer 303,customer303@example.com,+1-555-395-8150,Consumer
304,Customer 304,customer304@example.com,+1-555-776-3453,Consumer
305,Customer 305,customer305@example.com,+1-555-100-5181,Corporate
306,Customer 306,customer306@example.com,+1-555-729-4615,Home Office
307,Customer 307,customer307@example.com,+1-555-344-2473,Corporate
308,Customer 308,customer308@example.com,+1-555-976-8570,Home Office
309,Customer 309,customer309@example.com,+1-555-228-5068,Home Office
310,Customer 310,customer310@example.com,+1-555-454-3946,Home Office
311,Customer 311,customer311@example.com,+1-555-829-9580,Consumer
312,Customer 312,customer312@example.com,+1-555-775-6477,Consumer
313,Customer 313,customer313@example.com,+1-555-773-7804,Home Office
314,Customer 314,customer314@example.com,+1-555-133-1486,Consumer
315,Customer 315,customer315@example.com,+1-555-157-5694,Consumer
316,Customer 316,customer316@example.com,+1-555-974-6059,Home Office
317,Customer 317,customer317@example.com,+1-555-885-4170,Corporate
318,Customer 318,customer318@example.com,+1-555-858-9657,Corporate
319,Customer 319,customer319@example.com,+1-555-733-8307,Corporate
320,Customer 320,customer320@example.com,+1-555-877-2679,Consumer
321,Customer 321,customer321@example.com,+1-555-507-6178,Home Office
322,Customer 322,customer322@example.com,+1-555-802-2161,Home Office
323,Customer 323,customer323@example.com,+1-555-296-6262,Consumer
324,Customer 324,customer324@example.com,+1-555-710-3509,Home Office
325,Customer 325,customer325@example.com,+1-555-621-2998,Corporate
326,Customer 326,customer326@example.com,+1-555-959-4298,Home Office
327,Customer 327,customer327@example.com,+1-555-827-3970,Corporate
328,Customer 328,customer328@example.com,+1-555-309-9724,Home Office
329,Customer 329,customer329@example.com,+1-555-434-4455,Home Office
330,Customer 330,customer330@example.com,+1-555-660-7073,Corporate
331,Customer 331,customer331@example.com,+1-555-760-7161,Corporate
332,Customer 332,customer332@example.com,+1-555-846-6252,Consumer
333,Customer 333,customer333@example.com,+1-555-882-9634,Corporate
334,Customer 334,customer334@example.com,+1-555-919-9473,Consumer
335,Customer 335,customer335@example.com,+1-555-549-5979,Corporate
336,Customer 336,customer336@example.com,+1-555-277-1873,Corporate
337,Customer 337,customer337@example.com,+1-555-159-4779,Corporate
338,Customer 338,customer338@example.com,+1-555-870-3397,Home Office
339,Customer 339,customer339@example.com,+1-555-534-2426,Corporate
340,Customer 340,customer340@example.com,+1-555-338-8886,Home Office
341,Customer 341,customer341@example.com,+1-555-377-6322,Corporate
342,Customer 342,customer342@example.com,+1-555-531-3046,Consumer
343,Customer 343,customer343@example.com,+1-555-675-5332,Consumer
344,Customer 344,customer344@example.com,+1-555-525-7455,Home Office
345,Customer 345,customer345@example.com,+1-555-648-7775,Home Office
346,Customer 346,customer346@example.com,+1-555-847-7018,Home Office
347,Customer 347,customer347@example.com,+1-555-270-1367,Corporate
348,Customer 348,customer348@example.com,+1-555-976-9053,Corporate
349,Customer 349,customer349@example.com,+1-555-313-8210,Home Office
350,Customer 350,customer350@example.com,+1-555-305-9997,Corporate
351,Customer 351,customer351@example.com,+1-555-576-8069,Consumer
352,Customer 352,customer352@example.com,+1-555-476-1220,Consumer
353,Customer 353,customer353@example.com,+1-555-765-3068,Corporate
354,Customer 354,customer354@example.com,+1-555-429-6638,Consumer
355,Customer 355,customer355@example.com,+1-555-926-5650,Consumer
356,Customer 356,customer356@example.com,+1-555-726-7566,Consumer
357,Customer 357,customer357@example.com,+1-555-281-7206,Home Office
358,Customer 358,customer358@example.com,+1-555-928-6903,Consumer
359,Customer 359,customer359@example.com,+1-555-220-2746,Consumer
360,Customer 360,customer360@example.com,+1-555-303-1122,Corporate
361,Customer 361,customer361@example.com,+1-555-788-3960,Corporate
362,Customer 362,customer362@example.com,+1-555-476-8349,Corporate
363,Customer 363,customer363@example.com,+1-555-394-5752,Consumer
364,Customer 364,customer364@example.com,+1-555-463-6794,Consumer
365,Customer 365,customer365@example.com,+1-555-620-2165,Corporate
366,Customer 366,customer366@example.com,+1-555-181-7197,Home Office
367,Customer 367,customer367@example.com,+1-555-500-6469,Home Office
368,Customer 368,customer368@example.com,+1-555-828-1850,Corporate
369,Customer 369,customer369@example.com,+1-555-361-9696,Consumer
370,Customer 370,customer370@example.com,+1-555-712-3845,Home Office
371,Customer 371,customer371@example.com,+1-555-457-5553,Consumer
372,Customer 372,customer372@example.com,+1-555-651-4913,Corporate
373,Customer 373,customer373@example.com,+1-555-561-3684,Home Office
374,Customer 374,customer374@example.com,+1-555-440-2017,Home Office
375,Customer 375,customer375@example.com,+1-555-846-5982,Home Office
376,Customer 376,customer376@example.com,+1-555-905-4797,Corporate
377,Customer 377,customer377@example.com,+1-555-184-8773,Consumer
378,Customer 378,customer378@example.com,+1-555-912-1928,Corporate
379,Customer 379,customer379@example.com,+1-555-661-4601,Corporate
380,Customer 380,customer380@example.com,+1-555-411-3778,Consumer
381,Customer 381,customer381@example.com,+1-555-382-5044,Corporate
382,Customer 382,customer382@example.com,+1-555-296-6476,Corporate
383,Customer 383,customer383@example.com,+1-555-221-6761,Corporate
384,Customer 384,customer384@example.com,+1-555-225-1072,Consumer
385,Customer 385,customer385@example.com,+1-555-743-5396,Home Office
386,Customer 386,customer386@example.com,+1-555-933-8511,Consumer
387,Customer 387,customer387@example.com,+1-555-832-6501,Corporate
388,Customer 388,customer388@example.com,+1-555-957-7285,Consumer
389,Customer 389,customer389@example.com,+1-555-415-9834,Home Office
390,Customer 390,customer390@example.com,+1-555-168-9683,Consumer
391,Customer 391,customer391@example.com,+1-555-649-8387,Home Office
392,Customer 392,customer392@example.com,+1-555-701-8836,Consumer
393,Customer 393,customer393@example.com,+1-555-183-7625,Consumer
394,Customer 394,customer394@example.com,+1-555-968-5890,Corporate
395,Customer 395,customer395@example.com,+1-555-683-5080,Consumer
396,Customer 396,customer396@example.com,+1-555-768-1555,Home Office
397,Customer 397,customer397@example.com,+1-555-381-6502,Home Office
398,Customer 398,customer398@example.com,+1-555-125-5881,Consumer
399,Customer 399,customer399@example.com,+1-555-236-6735,Corporate
400,Customer 400,customer400@example.com,+1-555-818-4976,Corporate
401,Customer 401,customer401@example.com,+1-555-112-9315,Corporate
402,Customer 402,customer402@example.com,+1-555-346-9073,Corporate
403,Customer 403,customer403@example.com,+1-555-958-3680,Home Office
404,Customer 404,customer404@example.com,+1-555-795-2366,Corporate
405,Customer 405,customer405@example.com,+1-555-495-7534,Home Office
406,Customer 406,customer406@example.com,+1-555-776-2601,Home Office
407,Customer 407,customer407@example.com,+1-555-767-1649,Home Office
408,Customer 408,customer408@example.com,+1-555-660-6849,Home Office
409,Customer 409,customer409@example.com,+1-555-834-3561,Corporate
410,Customer 410,customer410@example.com,+1-555-929-6638,Corporate
411,Customer 411,customer411@example.com,+1-555-206-6687,Corporate
412,Customer 412,customer412@example.com,+1-555-382-7146,Corporate
413,Customer 413,customer413@example.com,+1-555-255-2173,Home Office
414,Customer 414,customer414@example.com,+1-555-258-5990,Consumer
415,Customer 415,customer415@example.com,+1-555-820-7978,Consumer
416,Customer 416,customer416@example.com,+1-555-833-6815,Corporate
417,Customer 417,customer417@example.com,+1-555-315-9960,Consumer
418,Customer 418,customer418@example.com,+1-555-524-7985,Corporate
419,Customer 419,customer419@example.com,+1-555-846-6917,Consumer
420,Customer 420,customer420@example.com,+1-555-226-7849,Consumer
421,Customer 421,customer421@example.com,+1-555-162-1665,Home Office
422,Customer 422,customer422@example.com,+1-555-770-1089,Corporate
423,Customer 423,customer423@example.com,+1-555-191-3794,Corporate
424,Customer 424,customer424@example.com,+1-555-476-8558,Consumer
425,Customer 425,customer425@example.com,+1-555-498-1726,Consumer
426,Customer 426,customer426@example.com,+1-555-353-1680,Consumer
427,Customer 427,customer427@example.com,+1-555-473-5941,Home Office
428,Customer 428,customer428@example.com,+1-555-220-7025,Home Office
429,Customer 429,customer429@example.com,+1-555-110-2486,Corporate
430,Customer 430,customer430@example.com,+1-555-968-3058,Consumer
431,Customer 431,customer431@example.com,+1-555-133-7993,Home Office
432,Customer 432,customer432@example.com,+1-555-388-4670,Consumer
433,Customer 433,customer433@example.com,+1-555-400-1376,Corporate
434,Customer 434,customer434@example.com,+1-555-786-7435,Consumer
435,Customer 435,customer435@example.com,+1-555-588-8550,Corporate
436,Customer 436,customer436@example.com,+1-555-332-7428,Home Office
437,Customer 437,customer437@example.com,+1-555-891-6616,Home Office
438,Customer 438,customer438@example.com,+1-555-793-7452,Home Office
439,Customer 439,customer439@example.com,+1-555-422-2861,Home Office
440,Customer 440,customer440@example.com,+1-555-860-1442,Corporate
441,Customer 441,customer441@example.com,+1-555-148-3773,Home Office
442,Customer 442,customer442@example.com,+1-555-325-3542,Corporate
443,Customer 443,customer443@example.com,+1-555-337-6254,Home Office
444,Customer 444,customer444@example.com,+1-555-218-6576,Home Office
445,Customer 445,customer445@example.com,+1-555-253-6851,Consumer
446,Customer 446,customer446@example.com,+1-555-880-4344,Consumer
447,Customer 447,customer447@example.com,+1-555-330-5741,Corporate
448,Customer 448,customer448@example.com,+1-555-417-5848,Consumer
449,Customer 449,customer449@example.com,+1-555-416-2761,Corporate
450,Customer 450,customer450@example.com,+1-555-396-1799,Corporate
451,Customer 451,customer451@example.com,+1-555-339-4097,Home Office
452,Customer 452,customer452@example.com,+1-555-800-1909,Consumer
453,Customer 453,customer453@example.com,+1-555-378-3846,Corporate
454,Customer 454,customer454@example.com,+1-555-816-3402,Consumer
455,Customer 455,customer455@example.com,+1-555-149-6240,Consumer
456,Customer 456,customer456@example.com,+1-555-569-3264,Consumer
457,Customer 457,customer457@example.com,+1-555-188-3251,Home Office
458,Customer 458,customer458@example.com,+1-555-457-3546,Corporate
459,Customer 459,customer459@example.com,+1-555-749-4607,Home Office
460,Customer 460,customer460@example.com,+1-555-949-8466,Corporate
461,Customer 461,customer461@example.com,+1-555-451-8644,Home Office
462,Customer 462,customer462@example.com,+1-555-981-5715,Home Office
463,Customer 463,customer463@example.com,+1-555-432-9474,Corporate
464,Customer 464,customer464@example.com,+1-555-455-9752,Corporate
465,Customer 465,customer465@example.com,+1-555-528-4174,Corporate
466,Customer 466,customer466@example.com,+1-555-708-1349,Corporate
467,Customer 467,customer467@example.com,+1-555-638-2836,Home Office
468,Customer 468,customer468@example.com,+1-555-710-2406,Home Office
469,Customer 469,customer469@example.com,+1-555-448-6618,Consumer
470,Customer 470,customer470@example.com,+1-555-109-3991,Consumer
471,Customer 471,customer471@example.com,+1-555-269-4481,Consumer
472,Customer 472,customer472@example.com,+1-555-202-7936,Home Office
473,Customer 473,customer473@example.com,+1-555-806-9142,Consumer
474,Customer 474,customer474@example.com,+1-555-319-3488,Consumer
475,Customer 475,customer475@example.com,+1-555-403-9985,Corporate
476,Customer 476,customer476@example.com,+1-555-786-2697,Corporate
477,Customer 477,customer477@example.com,+1-555-728-1252,Corporate
478,Customer 478,customer478@example.com,+1-555-552-9083,Corporate
479,Customer 479,customer479@example.com,+1-555-993-1245,Home Office
480,Customer 480,customer480@example.com,+1-555-781-4206,Corporate
481,Customer 481,customer481@example.com,+1-555-465-3639,Home Office
482,Customer 482,customer482@example.com,+1-555-101-7149,Corporate
483,Customer 483,customer483@example.com,+1-555-508-6981,Home Office
484,Customer 484,customer484@example.com,+1-555-204-5223,Home Office
485,Customer 485,customer485@example.com,+1-555-450-2521,Home Office
486,Customer 486,customer486@example.com,+1-555-822-4832,Corporate
487,Customer 487,customer487@example.com,+1-555-194-8574,Home Office
488,Customer 488,customer488@example.com,+1-555-529-5632,Corporate
489,Customer 489,customer489@example.com,+1-555-421-7039,Consumer
490,Customer 490,customer490@example.com,+1-555-602-4249,Corporate
491,Customer 491,customer491@example.com,+1-555-896-3496,Corporate
492,Customer 492,customer492@example.com,+1-555-750-5616,Home Office
493,Customer 493,customer493@example.com,+1-555-652-8634,Consumer
494,Customer 494,customer494@example.com,+1-555-722-2658,Consumer
495,Customer 495,customer495@example.com,+1-555-541-6324,Home Office
496,Customer 496,customer496@example.com,+1-555-142-6706,Consumer
497,Customer 497,customer497@example.com,+1-555-344-9062,Corporate
498,Customer 498,customer498@example.com,+1-555-182-4210,Home Office
499,Customer 499,customer499@example.com,+1-555-942-5693,Home Office
500,Customer 500,customer500@example.com,+1-555-170-5354,Consumer
501,Customer 501,customer501@example.com,+1-555-808-5340,Consumer
502,Customer 502,customer502@example.com,+1-555-796-7236,Home Office
503,Customer 503,customer503@example.com,+1-555-874-5816,Corporate
504,Customer 504,customer504@example.com,+1-555-898-7975,Consumer
505,Customer 505,customer505@example.com,+1-555-386-2098,Home Office
506,Customer 506,customer506@example.com,+1-555-925-7478,Home Office
507,Customer 507,customer507@example.com,+1-555-143-8384,Corporate
508,Customer 508,customer508@example.com,+1-555-490-6566,Corporate
509,Customer 509,customer509@example.com,+1-555-336-9862,Consumer
510,Customer 510,customer510@example.com,+1-555-493-4091,Corporate
511,Customer 511,customer511@example.com,+1-555-894-3946,Home Office
512,Customer 512,customer512@example.com,+1-555-239-9938,Home Office
513,Customer 513,customer513@example.com,+1-555-742-7884,Home Office
514,Customer 514,customer514@example.com,+1-555-620-5672,Corporate
515,Customer 515,customer515@example.com,+1-555-466-9465,Home Office
516,Customer 516,customer516@example.com,+1-555-820-8802,Corporate
517,Customer 517,customer517@example.com,+1-555-746-3614,Home Office
518,Customer 518,customer518@example.com,+1-555-450-5802,Home Office
519,Customer 519,customer519@example.com,+1-555-221-6231,Home Office
520,Customer 520,customer520@example.com,+1-555-512-4874,Consumer
521,Customer 521,customer521@example.com,+1-555-997-5650,Home Office
522,Customer 522,customer522@example.com,+1-555-424-6744,Home Office
523,Customer 523,customer523@example.com,+1-555-833-8643,Corporate
524,Customer 524,customer524@example.com,+1-555-285-8922,Home Office
525,Customer 525,customer525@example.com,+1-555-508-2052,Corporate
526,Customer 526,customer526@example.com,+1-555-527-8666,Consumer
527,Customer 527,customer527@example.com,+1-555-221-2597,Consumer
528,Customer 528,customer528@example.com,+1-555-252-5034,Consumer
529,Customer 529,customer529@example.com,+1-555-201-8641,Consumer
530,Customer 530,customer530@example.com,+1-555-394-3551,Consumer
531,Customer 531,customer531@example.com,+1-555-725-2699,Home Office
532,Customer 532,customer532@example.com,+1-555-714-6018,Consumer
533,Customer 533,customer533@example.com,+1-555-873-4981,Corporate
534,Customer 534,customer534@example.com,+1-555-624-1009,Corporate
535,Customer 535,customer535@example.com,+1-555-228-9027,Home Office
536,Customer 536,customer536@example.com,+1-555-374-1831,Corporate
537,Customer 537,customer537@example.com,+1-555-875-1679,Corporate
538,Customer 538,customer538@example.com,+1-555-667-8157,Consumer
539,Customer 539,customer539@example.com,+1-555-347-1482,Home Office
540,Customer 540,customer540@example.com,+1-555-775-4780,Home Office
541,Customer 541,customer541@example.com,+1-555-924-7880,Home Office
542,Customer 542,customer542@example.com,+1-555-531-9475,Home Office
543,Customer 543,customer543@example.com,+1-555-302-9957,Corporate
544,Customer 544,customer544@example.com,+1-555-444-5724,Home Office
545,Customer 545,customer545@example.com,+1-555-357-4007,Home Office
546,Customer 546,customer546@example.com,+1-555-743-3981,Corporate
547,Customer 547,customer547@example.com,+1-555-743-3321,Corporate
548,Customer 548,customer548@example.com,+1-555-348-2937,Consumer
549,Customer 549,customer549@example.com,+1-555-552-2905,Home Office
550,Customer 550,customer550@example.com,+1-555-948-3505,Consumer
551,Customer 551,customer551@example.com,+1-555-118-1081,Consumer
552,Customer 552,customer552@example.com,+1-555-252-9837,Consumer
553,Customer 553,customer553@example.com,+1-555-457-9012,Corporate
554,Customer 554,customer554@example.com,+1-555-750-7482,Home Office
555,Customer 555,customer555@example.com,+1-555-510-5422,Consumer
556,Customer 556,customer556@example.com,+1-555-594-1910,Corporate
557,Customer 557,customer557@example.com,+1-555-732-4032,Consumer
558,Customer 558,customer558@example.com,+1-555-202-5179,Consumer
559,Customer 559,customer559@example.com,+1-555-335-2772,Corporate
560,Customer 560,customer560@example.com,+1-555-378-8605,Home Office
561,Customer 561,customer561@example.com,+1-555-552-8897,Consumer
562,Customer 562,customer562@example.com,+1-555-708-7608,Consumer
563,Customer 563,customer563@example.com,+1-555-843-2573,Corporate
564,Customer 564,customer564@example.com,+1-555-946-2674,Home Office
565,Customer 565,customer565@example.com,+1-555-240-9835,Consumer
566,Customer 566,customer566@example.com,+1-555-486-1431,Corporate
567,Customer 567,customer567@example.com,+1-555-467-5122,Corporate
568,Customer 568,customer568@example.com,+1-555-841-1624,Corporate
569,Customer 569,customer569@example.com,+1-555-188-5899,Consumer
570,Customer 570,customer570@example.com,+1-555-166-3883,Home Office
571,Customer 571,customer571@example.com,+1-555-200-7204,Corporate
572,Customer 572,customer572@example.com,+1-555-609-4078,Home Office
573,Customer 573,customer573@example.com,+1-555-982-1456,Consumer
574,Customer 574,customer574@example.com,+1-555-162-1308,Home Office
575,Customer 575,customer575@example.com,+1-555-853-9140,Home Office
576,Customer 576,customer576@example.com,+1-555-268-1102,Corporate
577,Customer 577,customer577@example.com,+1-555-763-1497,Consumer
578,Customer 578,customer578@example.com,+1-555-326-5282,Home Office
579,Customer 579,customer579@example.com,+1-555-130-3531,Corporate
580,Customer 580,customer580@example.com,+1-555-761-8577,Consumer
581,Customer 581,customer581@example.com,+1-555-812-1323,Corporate
582,Customer 582,customer582@example.com,+1-555-888-2867,Consumer
583,Customer 583,customer583@example.com,+1-555-480-6150,Corporate
584,Customer 584,customer584@example.com,+1-555-573-2079,Home Office
585,Customer 585,customer585@example.com,+1-555-249-2438,Consumer
586,Customer 586,customer586@example.com,+1-555-215-9460,Home Office
587,Customer 587,customer587@example.com,+1-555-407-7403,Home Office
588,Customer 588,customer588@example.com,+1-555-660-8353,Consumer
589,Customer 589,customer589@example.com,+1-555-289-9889,Home Office
590,Customer 590,customer590@example.com,+1-555-416-3951,Consumer
591,Customer 591,customer591@example.com,+1-555-450-8715,Corporate
592,Customer 592,customer592@example.com,+1-555-429-3256,Home Office
593,Customer 593,customer593@example.com,+1-555-120-1630,Corporate
594,Customer 594,customer594@example.com,+1-555-791-3157,Home Office
595,Customer 595,customer595@example.com,+1-555-572-5165,Home Office
596,Customer 596,customer596@example.com,+1-555-105-6589,Corporate
597,Customer 597,customer597@example.com,+1-555-156-6707,Corporate
598,Customer 598,customer598@example.com,+1-555-568-3916,Corporate
599,Customer 599,customer599@example.com,+1-555-165-5714,Home Office
600,Customer 600,customer600@example.com,+1-555-994-4715,Consumer
601,Customer 601,customer601@example.com,+1-555-514-7414,Consumer
602,Customer 602,customer602@example.com,+1-555-356-5032,Consumer
603,Customer 603,customer603@example.com,+1-555-565-9300,Corporate
604,Customer 604,customer604@example.com,+1-555-275-1001,Home Office
605,Customer 605,customer605@example.com,+1-555-250-1564,Consumer
606,Customer 606,customer606@example.com,+1-555-319-6177,Home Office
607,Customer 607,customer607@example.com,+1-555-357-1979,Corporate
608,Customer 608,customer608@example.com,+1-555-545-3377,Consumer
609,Customer 609,customer609@example.com,+1-555-111-8529,Home Office
610,Customer 610,customer610@example.com,+1-555-932-7549,Home Office
611,Customer 611,customer611@example.com,+1-555-871-9501,Home Office
612,Customer 612,customer612@example.com,+1-555-483-8226,Corporate
613,Customer 613,customer613@example.com,+1-555-319-1864,Home Office
614,Customer 614,customer614@example.com,+1-555-306-8747,Corporate
615,Customer 615,customer615@example.com,+1-555-659-4167,Consumer
616,Customer 616,customer616@example.com,+1-555-230-2849,Home Office
617,Customer 617,customer617@example.com,+1-555-771-6576,Home Office
618,Customer 618,customer618@example.com,+1-555-880-4590,Home Office
619,Customer 619,customer619@example.com,+1-555-122-3500,Consumer
620,Customer 620,customer620@example.com,+1-555-955-2641,Corporate
621,Customer 621,customer621@example.com,+1-555-784-3252,Home Office
622,Customer 622,customer622@example.com,+1-555-505-2103,Corporate
623,Customer 623,customer623@example.com,+1-555-936-1327,Consumer
624,Customer 624,customer624@example.com,+1-555-739-8649,Home Office
625,Customer 625,customer625@example.com,+1-555-975-2772,Home Office
626,Customer 626,customer626@example.com,+1-555-814-6542,Home Office
627,Customer 627,customer627@example.com,+1-555-345-8261,Consumer
628,Customer 628,customer628@example.com,+1-555-530-2636,Consumer
629,Customer 629,customer629@example.com,+1-555-321-2114,Home Office
630,Customer 630,customer630@example.com,+1-555-392-6695,Consumer
631,Customer 631,customer631@example.com,+1-555-798-3160,Consumer
632,Customer 632,customer632@example.com,+1-555-468-2634,Home Office
633,Customer 633,customer633@example.com,+1-555-598-1979,Corporate
634,Customer 634,customer634@example.com,+1-555-866-2159,Consumer
635,Customer 635,customer635@example.com,+1-555-545-4028,Corporate
636,Customer 636,customer636@example.com,+1-555-552-7992,Home Office
637,Customer 637,customer637@example.com,+1-555-218-2239,Corporate
638,Customer 638,customer638@example.com,+1-555-676-6446,Consumer
639,Customer 639,customer639@example.com,+1-555-575-8108,Corporate
640,Customer 640,customer640@example.com,+1-555-310-5241,Home Office
641,Customer 641,customer641@example.com,+1-555-802-6842,Corporate
642,Customer 642,customer642@example.com,+1-555-551-1615,Home Office
643,Customer 643,customer643@example.com,+1-555-912-7639,Consumer
644,Customer 644,customer644@example.com,+1-555-285-6196,Corporate
645,Customer 645,customer645@example.com,+1-555-818-5110,Home Office
646,Customer 646,customer646@example.com,+1-555-726-4019,Consumer
647,Customer 647,customer647@example.com,+1-555-554-9740,Home Office
648,Customer 648,customer648@example.com,+1-555-443-9674,Consumer
649,Customer 649,customer649@example.com,+1-555-199-1552,Consumer
650,Customer 650,customer650@example.com,+1-555-298-8415,Consumer
651,Customer 651,customer651@example.com,+1-555-457-2305,Corporate
652,Customer 652,customer652@example.com,+1-555-592-4114,Corporate
653,Customer 653,customer653@example.com,+1-555-879-8872,Home Office
654,Customer 654,customer654@example.com,+1-555-195-6113,Home Office
655,Customer 655,customer655@example.com,+1-555-558-4769,Corporate
656,Customer 656,customer656@example.com,+1-555-940-1915,Corporate
657,Customer 657,customer657@example.com,+1-555-635-3183,Home Office
658,Customer 658,customer658@example.com,+1-555-562-1546,Home Office
659,Customer 659,customer659@example.com,+1-555-167-6240,Consumer
660,Customer 660,customer660@example.com,+1-555-973-8089,Consumer
661,Customer 661,customer661@example.com,+1-555-419-1674,Home Office
662,Customer 662,customer662@example.com,+1-555-875-5719,Consumer
663,Customer 663,customer663@example.com,+1-555-319-5348,Consumer
664,Customer 664,customer664@example.com,+1-555-638-4512,Home Office
665,Customer 665,customer665@example.com,+1-555-230-7715,Corporate
666,Customer 666,customer666@example.com,+1-555-745-7932,Corporate
667,Customer 667,customer667@example.com,+1-555-369-4792,Consumer
668,Customer 668,customer668@example.com,+1-555-154-9541,Consumer
669,Customer 669,customer669@example.com,+1-555-498-1878,Consumer
670,Customer 670,customer670@example.com,+1-555-203-9015,Home Office
671,Customer 671,customer671@example.com,+1-555-913-3771,Corporate
672,Customer 672,customer672@example.com,+1-555-190-4157,Corporate
673,Customer 673,customer673@example.com,+1-555-735-6770,Corporate
674,Customer 674,customer674@example.com,+1-555-755-2776,Home Office
675,Customer 675,customer675@example.com,+1-555-860-5919,Home Office
676,Customer 676,customer676@example.com,+1-555-338-6617,Home Office
677,Customer 677,customer677@example.com,+1-555-545-8254,Consumer
678,Customer 678,customer678@example.com,+1-555-794-3534,Home Office
679,Customer 679,customer679@example.com,+1-555-325-3581,Consumer
680,Customer 680,customer680@example.com,+1-555-453-2638,Home Office
681,Customer 681,customer681@example.com,+1-555-337-8856,Home Office
682,Customer 682,customer682@example.com,+1-555-668-7482,Corporate
683,Customer 683,customer683@example.com,+1-555-857-4078,Corporate
684,Customer 684,customer684@example.com,+1-555-201-2291,Home Office
685,Customer 685,customer685@example.com,+1-555-620-6587,Home Office
686,Customer 686,customer686@example.com,+1-555-286-6914,Corporate
687,Customer 687,customer687@example.com,+1-555-226-9494,Home Office
688,Customer 688,customer688@example.com,+1-555-767-1356,Corporate
689,Customer 689,customer689@example.com,+1-555-137-2035,Corporate
690,Customer 690,customer690@example.com,+1-555-696-7040,Corporate
691,Customer 691,customer691@example.com,+1-555-393-3686,Corporate
692,Customer 692,customer692@example.com,+1-555-760-7078,Consumer
693,Customer 693,customer693@example.com,+1-555-468-6931,Home Office
694,Customer 694,customer694@example.com,+1-555-851-1836,Corporate
695,Customer 695,customer695@example.com,+1-555-578-2474,Corporate
696,Customer 696,customer696@example.com,+1-555-325-2661,Corporate
697,Customer 697,customer697@example.com,+1-555-142-5965,Consumer
698,Customer 698,customer698@example.com,+1-555-697-9252,Consumer
699,Customer 699,customer699@example.com,+1-555-708-8949,Consumer
700,Customer 700,customer700@example.com,+1-555-340-6159,Consumer
701,Customer 701,customer701@example.com,+1-555-797-6023,Corporate
702,Customer 702,customer702@example.com,+1-555-799-3913,Home Office
703,Customer 703,customer703@example.com,+1-555-863-5580,Corporate
704,Customer 704,customer704@example.com,+1-555-497-6990,Consumer
705,Customer 705,customer705@example.com,+1-555-287-4347,Consumer
706,Customer 706,customer706@example.com,+1-555-591-5419,Home Office
707,Customer 707,customer707@example.com,+1-555-572-3309,Home Office
708,Customer 708,customer708@example.com,+1-555-249-2389,Consumer
709,Customer 709,customer709@example.com,+1-555-940-9155,Consumer
710,Customer 710,customer710@example.com,+1-555-128-2507,Home Office
711,Customer 711,customer711@example.com,+1-555-139-4853,Corporate
712,Customer 712,customer712@example.com,+1-555-683-6049,Consumer
713,Customer 713,customer713@example.com,+1-555-228-2328,Corporate
714,Customer 714,customer714@example.com,+1-555-857-3984,Home Office
715,Customer 715,customer715@example.com,+1-555-131-5790,Corporate
716,Customer 716,customer716@example.com,+1-555-584-9411,Corporate
717,Customer 717,customer717@example.com,+1-555-238-5834,Consumer
718,Customer 718,customer718@example.com,+1-555-866-8579,Consumer
719,Customer 719,customer719@example.com,+1-555-312-3474,Consumer
720,Customer 720,customer720@example.com,+1-555-399-9931,Home Office
721,Customer 721,customer721@example.com,+1-555-379-4039,Home Office
722,Customer 722,customer722@example.com,+1-555-322-6859,Home Office
723,Customer 723,customer723@example.com,+1-555-837-6446,Home Office
724,Customer 724,customer724@example.com,+1-555-921-5631,Corporate
725,Customer 725,customer725@example.com,+1-555-717-4316,Consumer
726,Customer 726,customer726@example.com,+1-555-207-2091,Corporate
727,Customer 727,customer727@example.com,+1-555-111-5719,Home Office
728,Customer 728,customer728@example.com,+1-555-593-8083,Home Office
729,Customer 729,customer729@example.com,+1-555-481-8860,Home Office
730,Customer 730,customer730@example.com,+1-555-142-5229,Home Office
731,Customer 731,customer731@example.com,+1-555-339-3944,Consumer
732,Customer 732,customer732@example.com,+1-555-148-1786,Consumer
733,Customer 733,customer733@example.com,+1-555-893-5142,Consumer
734,Customer 734,customer734@example.com,+1-555-119-6803,Consumer
735,Customer 735,customer735@example.com,+1-555-802-5686,Corporate
736,Customer 736,customer736@example.com,+1-555-193-4055,Home Office
737,Customer 737,customer737@example.com,+1-555-999-4250,Consumer
738,Customer 738,customer738@example.com,+1-555-636-4974,Consumer
739,Customer 739,customer739@example.com,+1-555-605-2649,Consumer
740,Customer 740,customer740@example.com,+1-555-542-7155,Home Office
741,Customer 741,customer741@example.com,+1-555-757-8122,Home Office
742,Customer 742,customer742@example.com,+1-555-758-3826,Home Office
743,Customer 743,customer743@example.com,+1-555-908-7453,Consumer
744,Customer 744,customer744@example.com,+1-555-973-8755,Consumer
745,Customer 745,customer745@example.com,+1-555-766-4575,Home Office
746,Customer 746,customer746@example.com,+1-555-568-5086,Home Office
747,Customer 747,customer747@example.com,+1-555-826-3670,Home Office
748,Customer 748,customer748@example.com,+1-555-586-5895,Home Office
749,Customer 749,customer749@example.com,+1-555-296-5113,Corporate
750,Customer 750,customer750@example.com,+1-555-730-7204,Home Office
751,Customer 751,customer751@example.com,+1-555-458-3832,Home Office
752,Customer 752,customer752@example.com,+1-555-989-3851,Consumer
753,Customer 753,customer753@example.com,+1-555-572-7149,Home Office
754,Customer 754,customer754@example.com,+1-555-724-3007,Home Office
755,Customer 755,customer755@example.com,+1-555-473-7293,Corporate
756,Customer 756,customer756@example.com,+1-555-464-4013,Home Office
757,Customer 757,customer757@example.com,+1-555-953-2068,Consumer
758,Customer 758,customer758@example.com,+1-555-308-8483,Consumer
759,Customer 759,customer759@example.com,+1-555-908-7019,Consumer
760,Customer 760,customer760@example.com,+1-555-321-6732,Corporate
761,Customer 761,customer761@example.com,+1-555-773-5360,Home Office
762,Customer 762,customer762@example.com,+1-555-468-5927,Home Office
763,Customer 763,customer763@example.com,+1-555-311-4800,Consumer
764,Customer 764,customer764@example.com,+1-555-659-1767,Home Office
765,Customer 765,customer765@example.com,+1-555-251-4015,Home Office
766,Customer 766,customer766@example.com,+1-555-734-3902,Corporate
767,Customer 767,customer767@example.com,+1-555-693-2106,Consumer
768,Customer 768,customer768@example.com,+1-555-495-7645,Corporate
769,Customer 769,customer769@example.com,+1-555-463-6283,Corporate
770,Customer 770,customer770@example.com,+1-555-121-9556,Consumer
771,Customer 771,customer771@example.com,+1-555-190-2077,Consumer
772,Customer 772,customer772@example.com,+1-555-894-2058,Consumer
773,Customer 773,customer773@example.com,+1-555-922-9640,Consumer
774,Customer 774,customer774@example.com,+1-555-418-9237,Home Office
775,Customer 775,customer775@example.com,+1-555-304-3366,Home Office
776,Customer 776,customer776@example.com,+1-555-513-4946,Home Office
777,Customer 777,customer777@example.com,+1-555-987-1743,Home Office
778,Customer 778,customer778@example.com,+1-555-413-1775,Consumer
779,Customer 779,customer779@example.com,+1-555-373-1071,Home Office
780,Customer 780,customer780@example.com,+1-555-302-2812,Consumer
781,Customer 781,customer781@example.com,+1-555-743-1730,Corporate
782,Customer 782,customer782@example.com,+1-555-841-9405,Consumer
783,Customer 783,customer783@example.com,+1-555-161-7856,Corporate
784,Customer 784,customer784@example.com,+1-555-170-5109,Home Office
785,Customer 785,customer785@example.com,+1-555-272-2819,Consumer
786,Customer 786,customer786@example.com,+1-555-416-6912,Consumer
787,Customer 787,customer787@example.com,+1-555-972-8609,Home Office
788,Customer 788,customer788@example.com,+1-555-342-8343,Home Office
789,Customer 789,customer789@example.com,+1-555-493-3413,Home Office
790,Customer 790,customer790@example.com,+1-555-415-2916,Home Office
791,Customer 791,customer791@example.com,+1-555-195-1918,Corporate
792,Customer 792,customer792@example.com,+1-555-405-5912,Home Office
793,Customer 793,customer793@example.com,+1-555-655-8330,Corporate
794,Customer 794,customer794@example.com,+1-555-390-8836,Consumer
795,Customer 795,customer795@example.com,+1-555-998-8328,Consumer
796,Customer 796,customer796@example.com,+1-555-736-1839,Home Office
797,Customer 797,customer797@example.com,+1-555-217-8413,Corporate
798,Customer 798,customer798@example.com,+1-555-499-9339,Corporate
799,Customer 799,customer799@example.com,+1-555-828-2012,Consumer
800,Customer 800,customer800@example.com,+1-555-596-5239,Corporate
801,Customer 801,customer801@example.com,+1-555-254-7691,Corporate
802,Customer 802,customer802@example.com,+1-555-548-6744,Home Office
803,Customer 803,customer803@example.com,+1-555-437-2342,Home Office
804,Customer 804,customer804@example.com,+1-555-782-4144,Corporate
805,Customer 805,customer805@example.com,+1-555-259-7064,Consumer
806,Customer 806,customer806@example.com,+1-555-550-4731,Corporate
807,Customer 807,customer807@example.com,+1-555-693-9985,Consumer
808,Customer 808,customer808@example.com,+1-555-248-5839,Consumer
809,Customer 809,customer809@example.com,+1-555-688-5072,Home Office
810,Customer 810,customer810@example.com,+1-555-193-5647,Corporate
811,Customer 811,customer811@example.com,+1-555-169-3353,Consumer
812,Customer 812,customer812@example.com,+1-555-697-1365,Home Office
813,Customer 813,customer813@example.com,+1-555-535-2294,Home Office
814,Customer 814,customer814@example.com,+1-555-508-5026,Home Office
815,Customer 815,customer815@example.com,+1-555-289-3046,Home Office
816,Customer 816,customer816@example.com,+1-555-112-7044,Home Office
817,Customer 817,customer817@example.com,+1-555-738-6347,Corporate
818,Customer 818,customer818@example.com,+1-555-723-7415,Corporate
819,Customer 819,customer819@example.com,+1-555-504-5720,Consumer
820,Customer 820,customer820@example.com,+1-555-405-1275,Home Office
821,Customer 821,customer821@example.com,+1-555-904-8948,Home Office
822,Customer 822,customer822@example.com,+1-555-487-6226,Home Office
823,Customer 823,customer823@example.com,+1-555-380-3526,Home Office
824,Customer 824,customer824@example.com,+1-555-422-9062,Home Office
825,Customer 825,customer825@example.com,+1-555-549-8452,Corporate
826,Customer 826,customer826@example.com,+1-555-984-4631,Corporate
827,Customer 827,customer827@example.com,+1-555-275-1875,Home Office
828,Customer 828,customer828@example.com,+1-555-807-3544,Corporate
829,Customer 829,customer829@example.com,+1-555-622-8758,Home Office
830,Customer 830,customer830@example.com,+1-555-782-1191,Consumer
831,Customer 831,customer831@example.com,+1-555-599-4402,Corporate
832,Customer 832,customer832@example.com,+1-555-943-4279,Corporate
833,Customer 833,customer833@example.com,+1-555-369-8464,Corporate
834,Customer 834,customer834@example.com,+1-555-536-8037,Consumer
835,Customer 835,customer835@example.com,+1-555-787-4513,Home Office
836,Customer 836,customer836@example.com,+1-555-660-5145,Corporate
837,Customer 837,customer837@example.com,+1-555-274-1688,Consumer
838,Customer 838,customer838@example.com,+1-555-191-1137,Corporate
839,Customer 839,customer839@example.com,+1-555-525-4004,Home Office
840,Customer 840,customer840@example.com,+1-555-109-7565,Consumer
841,Customer 841,customer841@example.com,+1-555-134-1878,Consumer
842,Customer 842,customer842@example.com,+1-555-675-8547,Corporate
843,Customer 843,customer843@example.com,+1-555-854-9741,Corporate
844,Customer 844,customer844@example.com,+1-555-457-6865,Corporate
845,Customer 845,customer845@example.com,+1-555-356-5206,Corporate
846,Customer 846,customer846@example.com,+1-555-555-8446,Home Office
847,Customer 847,customer847@example.com,+1-555-459-3320,Corporate
848,Customer 848,customer848@example.com,+1-555-314-9234,Home Office
849,Customer 849,customer849@example.com,+1-555-980-7186,Home Office
850,Customer 850,customer850@example.com,+1-555-609-5813,Home Office
851,Customer 851,customer851@example.com,+1-555-187-6255,Consumer
852,Customer 852,customer852@example.com,+1-555-306-3813,Consumer
853,Customer 853,customer853@example.com,+1-555-487-9139,Home Office
854,Customer 854,customer854@example.com,+1-555-129-7043,Consumer
855,Customer 855,customer855@example.com,+1-555-128-1357,Home Office
856,Customer 856,customer856@example.com,+1-555-919-8418,Home Office
857,Customer 857,customer857@example.com,+1-555-133-1071,Home Office
858,Customer 858,customer858@example.com,+1-555-475-3538,Corporate
859,Customer 859,customer859@example.com,+1-555-928-4571,Home Office
860,Customer 860,customer860@example.com,+1-555-254-7590,Corporate
861,Customer 861,customer861@example.com,+1-555-580-7364,Home Office
862,Customer 862,customer862@example.com,+1-555-225-3646,Home Office
863,Customer 863,customer863@example.com,+1-555-541-1390,Corporate
864,Customer 864,customer864@example.com,+1-555-781-2782,Corporate
865,Customer 865,customer865@example.com,+1-555-706-7711,Home Office
866,Customer 866,customer866@example.com,+1-555-457-7513,Corporate
867,Customer 867,customer867@example.com,+1-555-892-2901,Consumer
868,Customer 868,customer868@example.com,+1-555-442-7151,Consumer
869,Customer 869,customer869@example.com,+1-555-763-3744,Consumer
870,Customer 870,customer870@example.com,+1-555-708-4159,Home Office
871,Customer 871,customer871@example.com,+1-555-357-8840,Consumer
872,Customer 872,customer872@example.com,+1-555-507-3985,Home Office
873,Customer 873,customer873@example.com,+1-555-145-5363,Home Office
874,Customer 874,customer874@example.com,+1-555-648-7291,Consumer
875,Customer 875,customer875@example.com,+1-555-477-8079,Home Office
876,Customer 876,customer876@example.com,+1-555-686-5440,Home Office
877,Customer 877,customer877@example.com,+1-555-850-3281,Consumer
878,Customer 878,customer878@example.com,+1-555-720-7061,Corporate
879,Customer 879,customer879@example.com,+1-555-967-5566,Corporate
880,Customer 880,customer880@example.com,+1-555-808-1728,Corporate
881,Customer 881,customer881@example.com,+1-555-543-3304,Corporate
882,Customer 882,customer882@example.com,+1-555-406-1638,Home Office
883,Customer 883,customer883@example.com,+1-555-241-2865,Consumer
884,Customer 884,customer884@example.com,+1-555-445-4613,Home Office
885,Customer 885,customer885@example.com,+1-555-972-7015,Home Office
886,Customer 886,customer886@example.com,+1-555-517-4457,Consumer
887,Customer 887,customer887@example.com,+1-555-792-8697,Home Office
888,Customer 888,customer888@example.com,+1-555-291-7430,Consumer
889,Customer 889,customer889@example.com,+1-555-925-6371,Corporate
890,Customer 890,customer890@example.com,+1-555-944-3779,Corporate
891,Customer 891,customer891@example.com,+1-555-628-4960,Corporate
892,Customer 892,customer892@example.com,+1-555-823-3156,Home Office
893,Customer 893,customer893@example.com,+1-555-238-5283,Consumer
894,Customer 894,customer894@example.com,+1-555-345-1749,Corporate
895,Customer 895,customer895@example.com,+1-555-860-6816,Consumer
896,Customer 896,customer896@example.com,+1-555-250-2526,Corporate
897,Customer 897,customer897@example.com,+1-555-521-3795,Home Office
898,Customer 898,customer898@example.com,+1-555-940-4208,Corporate
899,Customer 899,customer899@example.com,+1-555-400-4148,Consumer
900,Customer 900,customer900@example.com,+1-555-175-9637,Home Office
901,Customer 901,customer901@example.com,+1-555-124-9778,Home Office
902,Customer 902,customer902@example.com,+1-555-586-2257,Consumer
903,Customer 903,customer903@example.com,+1-555-634-8653,Home Office
904,Customer 904,customer904@example.com,+1-555-391-6616,Home Office
905,Customer 905,customer905@example.com,+1-555-482-9549,Corporate
906,Customer 906,customer906@example.com,+1-555-608-9325,Consumer
907,Customer 907,customer907@example.com,+1-555-839-9439,Corporate
908,Customer 908,customer908@example.com,+1-555-452-7287,Home Office
909,Customer 909,customer909@example.com,+1-555-578-9054,Consumer
910,Customer 910,customer910@example.com,+1-555-192-2540,Corporate
911,Customer 911,customer911@example.com,+1-555-478-7050,Home Office
912,Customer 912,customer912@example.com,+1-555-704-8268,Home Office
913,Customer 913,customer913@example.com,+1-555-983-1005,Home Office
914,Customer 914,customer914@example.com,+1-555-475-7546,Corporate
915,Customer 915,customer915@example.com,+1-555-904-3360,Corporate
916,Customer 916,customer916@example.com,+1-555-363-8811,Corporate
917,Customer 917,customer917@example.com,+1-555-523-9351,Consumer
918,Customer 918,customer918@example.com,+1-555-926-4149,Consumer
919,Customer 919,customer919@example.com,+1-555-261-9878,Corporate
920,Customer 920,customer920@example.com,+1-555-217-8038,Consumer
921,Customer 921,customer921@example.com,+1-555-333-9160,Corporate
922,Customer 922,customer922@example.com,+1-555-730-9001,Consumer
923,Customer 923,customer923@example.com,+1-555-203-3071,Corporate
924,Customer 924,customer924@example.com,+1-555-668-7620,Home Office
925,Customer 925,customer925@example.com,+1-555-578-4307,Consumer
926,Customer 926,customer926@example.com,+1-555-657-6186,Corporate
927,Customer 927,customer927@example.com,+1-555-363-2586,Consumer
928,Customer 928,customer928@example.com,+1-555-919-4349,Corporate
929,Customer 929,customer929@example.com,+1-555-664-1630,Consumer
930,Customer 930,customer930@example.com,+1-555-998-9136,Corporate
931,Customer 931,customer931@example.com,+1-555-558-8866,Corporate
932,Customer 932,customer932@example.com,+1-555-169-7701,Home Office
933,Customer 933,customer933@example.com,+1-555-297-1820,Consumer
934,Customer 934,customer934@example.com,+1-555-592-1742,Home Office
935,Customer 935,customer935@example.com,+1-555-711-7986,Home Office
936,Customer 936,customer936@example.com,+1-555-608-3028,Home Office
937,Customer 937,customer937@example.com,+1-555-773-9626,Corporate
938,Customer 938,customer938@example.com,+1-555-309-6195,Corporate
939,Customer 939,customer939@example.com,+1-555-958-2462,Corporate
940,Customer 940,customer940@example.com,+1-555-616-8715,Consumer
941,Customer 941,customer941@example.com,+1-555-566-8067,Corporate
942,Customer 942,customer942@example.com,+1-555-476-4621,Corporate
943,Customer 943,customer943@example.com,+1-555-814-7724,Consumer
944,Customer 944,customer944@example.com,+1-555-261-6217,Consumer
945,Customer 945,customer945@example.com,+1-555-617-2754,Home Office
946,Customer 946,customer946@example.com,+1-555-142-1738,Home Office
947,Customer 947,customer947@example.com,+1-555-879-3961,Corporate
948,Customer 948,customer948@example.com,+1-555-288-8566,Corporate
949,Customer 949,customer949@example.com,+1-555-906-1196,Corporate
950,Customer 950,customer950@example.com,+1-555-607-9074,Home Office
951,Customer 951,customer951@example.com,+1-555-617-9457,Corporate
952,Customer 952,customer952@example.com,+1-555-713-9860,Consumer
953,Customer 953,customer953@example.com,+1-555-862-4038,Consumer
954,Customer 954,customer954@example.com,+1-555-523-5976,Consumer
955,Customer 955,customer955@example.com,+1-555-773-9525,Corporate
956,Customer 956,customer956@example.com,+1-555-754-9373,Home Office
957,Customer 957,customer957@example.com,+1-555-556-6079,Consumer
958,Customer 958,customer958@example.com,+1-555-925-9334,Corporate
959,Customer 959,customer959@example.com,+1-555-119-3853,Home Office
960,Customer 960,customer960@example.com,+1-555-477-1377,Home Office
961,Customer 961,customer961@example.com,+1-555-618-6678,Corporate
962,Customer 962,customer962@example.com,+1-555-292-3157,Consumer
963,Customer 963,customer963@example.com,+1-555-692-1218,Home Office
964,Customer 964,customer964@example.com,+1-555-105-1215,Consumer
965,Customer 965,customer965@example.com,+1-555-327-4510,Home Office
966,Customer 966,customer966@example.com,+1-555-445-4453,Home Office
967,Customer 967,customer967@example.com,+1-555-952-2444,Corporate
968,Customer 968,customer968@example.com,+1-555-397-9073,Corporate
969,Customer 969,customer969@example.com,+1-555-500-8346,Consumer
970,Customer 970,customer970@example.com,+1-555-933-5489,Home Office
971,Customer 971,customer971@example.com,+1-555-839-5475,Consumer
972,Customer 972,customer972@example.com,+1-555-747-8895,Corporate
973,Customer 973,customer973@example.com,+1-555-353-7383,Consumer
974,Customer 974,customer974@example.com,+1-555-815-3898,Corporate
975,Customer 975,customer975@example.com,+1-555-287-2772,Home Office
976,Customer 976,customer976@example.com,+1-555-105-2659,Home Office
977,Customer 977,customer977@example.com,+1-555-964-2446,Home Office
978,Customer 978,customer978@example.com,+1-555-139-6767,Corporate
979,Customer 979,customer979@example.com,+1-555-694-3558,Home Office
980,Customer 980,customer980@example.com,+1-555-235-5334,Corporate
981,Customer 981,customer981@example.com,+1-555-806-8174,Consumer
982,Customer 982,customer982@example.com,+1-555-530-9479,Home Office
983,Customer 983,customer983@example.com,+1-555-550-6317,Corporate
984,Customer 984,customer984@example.com,+1-555-987-9781,Home Office
985,Customer 985,customer985@example.com,+1-555-100-5255,Corporate
986,Customer 986,customer986@example.com,+1-555-165-9627,Consumer
987,Customer 987,customer987@example.com,+1-555-880-8221,Home Office
988,Customer 988,customer988@example.com,+1-555-676-3735,Corporate
989,Customer 989,customer989@example.com,+1-555-555-3524,Home Office
990,Customer 990,customer990@example.com,+1-555-358-6400,Corporate
991,Customer 991,customer991@example.com,+1-555-881-4052,Home Office
992,Customer 992,customer992@example.com,+1-555-138-5108,Home Office
993,Customer 993,customer993@example.com,+1-555-924-6990,Corporate
994,Customer 994,customer994@example.com,+1-555-410-4847,Consumer
995,Customer 995,customer995@example.com,+1-555-126-5049,Corporate
996,Customer 996,customer996@example.com,+1-555-471-8147,Home Office
997,Customer 997,customer997@example.com,+1-555-502-3898,Corporate
998,Customer 998,customer998@example.com,+1-555-467-9687,Corporate
999,Customer 999,customer999@example.com,+1-555-723-9800,Home Office
1000,Customer 1000,customer1000@example.com,+1-555-311-8326,Home Office
